epoch,loss,train_accuracy,val_accuracy
1,720.814,0.1557,0.1567
2,686.899,0.1782,0.1794
3,661.063,0.2991,0.3002
4,619.152,0.3779,0.3941
5,577.168,0.4543,0.4644
6,550.24,0.5003,0.515
7,527.647,0.5309,0.5541
8,510.643,0.602,0.6264
9,494.506,0.5917,0.6131
10,482.857,0.6443,0.6598
11,473.544,0.5841,0.6051
12,464.325,0.6042,0.6252
13,456.689,0.6592,0.6765
14,453.476,0.6442,0.6603
15,444.973,0.6541,0.6788
16,437.475,0.7009,0.7173
17,432.198,0.6912,0.707
18,427.956,0.6788,0.7058
19,424.312,0.6907,0.7138
20,418.541,0.7071,0.7223
21,415.839,0.6557,0.6585
22,411.099,0.7184,0.7326
23,405.784,0.7019,0.714
24,403.302,0.705,0.7068
25,402.878,0.669,0.6757
26,400.712,0.7196,0.724
27,398.646,0.7097,0.7244
28,396.245,0.7137,0.7251
29,392.668,0.6992,0.7031
30,393.435,0.71,0.7173
31,390.952,0.7527,0.7656
32,389.332,0.7133,0.7245
33,389.173,0.7293,0.7424
34,385.262,0.7452,0.7525
35,383.789,0.7394,0.7543
36,382.123,0.7452,0.7633
37,380.816,0.7287,0.7282
38,378.76,0.7127,0.7224
39,377.855,0.7595,0.7603
40,376.042,0.7458,0.7461
41,374.21,0.7732,0.7773
42,372.118,0.7526,0.7539
43,371.878,0.7523,0.7582
44,370.072,0.7644,0.7741
45,370.318,0.7412,0.7387
46,366.835,0.755,0.767
47,366.328,0.7796,0.7808
48,364.6,0.766,0.7766
49,363.666,0.7697,0.7773
50,363.819,0.7761,0.7764
51,361.452,0.7697,0.7695
52,359.759,0.7564,0.7518
53,358.697,0.7798,0.7868
54,354.843,0.7739,0.7806
55,355.724,0.7679,0.7724
56,354.606,0.7812,0.7876
57,353.417,0.7578,0.7599
58,353.631,0.7019,0.7167
59,351.706,0.8199,0.8144
60,349.227,0.7654,0.7468
61,347.952,0.7689,0.7594
62,345.327,0.8065,0.808
63,345.492,0.7921,0.7959
64,344.098,0.7975,0.7838
65,343.539,0.7535,0.7564
66,340.21,0.8125,0.8021
67,340.651,0.7915,0.7921
68,337.198,0.81,0.8055
69,337.158,0.7737,0.7685
70,333.864,0.7813,0.7738
71,335.695,0.8234,0.8171
72,332.153,0.7855,0.7792
73,330.198,0.8227,0.8219
74,328.777,0.8156,0.8036
75,327.401,0.8297,0.8228
76,325.665,0.7771,0.7685
77,325.398,0.8409,0.8304
78,322.45,0.8322,0.8236
79,323.115,0.834,0.8251
80,320.439,0.8189,0.8054
81,317.18,0.8329,0.8203
82,316.034,0.8499,0.8429
83,315.279,0.85,0.8368
84,315.039,0.8367,0.8219
85,312.307,0.8366,0.8226
86,310.661,0.8663,0.8535
87,309.514,0.8511,0.8398
88,306.46,0.8531,0.843
89,305.674,0.8691,0.8558
90,303.888,0.8529,0.8353
91,302.936,0.87,0.8529
92,301.469,0.8755,0.8567
93,300.44,0.8682,0.8505
94,298.229,0.8716,0.8497
95,297.947,0.8839,0.8619
96,295.418,0.8679,0.8432
97,293.576,0.8843,0.865
98,292.232,0.8945,0.8671
99,290.246,0.8874,0.8603
100,289.067,0.8854,0.8553
101,286.654,0.894,0.8703
102,286.635,0.8966,0.8724
103,283.694,0.902,0.8744
104,282.775,0.8992,0.8701
105,281.568,0.906,0.8748
106,279.627,0.9048,0.874
107,279.536,0.9039,0.871
108,277.373,0.9039,0.8737
109,276.228,0.9107,0.8789
110,274.824,0.9118,0.8785
111,275.787,0.9102,0.8752
112,274.73,0.916,0.8835
113,273.679,0.9173,0.8831
114,273.084,0.916,0.8809
115,270.639,0.9173,0.8837
116,270.487,0.9188,0.8844
117,271.819,0.9201,0.8846
118,270.696,0.9211,0.8855
119,270.512,0.9196,0.8852
120,270.073,0.9184,0.886
